{
  "departments": [
    {"code": "01", "name": "Ain", "region": "Auvergne-Rhône-Alpes", "cities": ["Bourg-en-Bresse", "Oyonnax", "Ambérieu-en-Bugey", "Gex", "Bellegarde-sur-Valserine", "Miribel", "Belley", "Trévoux", "Ferney-Voltaire", "Divonne-les-Bains"]},
    {"code": "02", "name": "Aisne", "region": "Hauts-de-France", "cities": ["Saint-Quentin", "Laon", "Soissons", "Château-Thierry", "Tergnier", "Chauny", "Hirson", "Villers-Cotterêts", "Gauchy", "Bohain-en-Vermandois"]},
    {"code": "03", "name": "Allier", "region": "Auvergne-Rhône-Alpes", "cities": ["Montluçon", "Vichy", "Moulins", "Cusset", "Yzeure", "Commentry", "Domerat", "Bellerive-sur-Allier", "Gannat", "Saint-Pourçain-sur-Sioule"]},
    {"code": "04", "name": "Alpes-de-Haute-Provence", "region": "PACA", "cities": ["Manosque", "Digne-les-Bains", "Sisteron", "Forcalquier", "Château-Arnoux-Saint-Auban", "Oraison", "Pierrevert", "Sainte-Tulle", "Volx", "Les Mées"]},
    {"code": "05", "name": "Hautes-Alpes", "region": "PACA", "cities": ["Gap", "Briançon", "Embrun", "Laragne-Montéglin", "Veynes", "Guillestre", "L'Argentière-la-Bessée", "Saint-Bonnet-en-Champsaur", "Chorges", "Tallard"]},
    {"code": "06", "name": "Alpes-Maritimes", "region": "PACA", "cities": ["Nice", "Cannes", "Antibes", "Grasse", "Cagnes-sur-Mer", "Le Cannet", "Vallauris", "Saint-Laurent-du-Var", "Menton", "Mandelieu-la-Napoule"]},
    {"code": "07", "name": "Ardèche", "region": "Auvergne-Rhône-Alpes", "cities": ["Annonay", "Aubenas", "Privas", "Guilherand-Granges", "Le Teil", "Tournon-sur-Rhône", "Bourg-Saint-Andéol", "Largentière", "Vals-les-Bains", "La Voulte-sur-Rhône"]},
    {"code": "08", "name": "Ardennes", "region": "Grand Est", "cities": ["Charleville-Mézières", "Sedan", "Rethel", "Revin", "Givet", "Fumay", "Nouzonville", "Vireux-Molhain", "Bogny-sur-Meuse", "Carignan"]},
    {"code": "09", "name": "Ariège", "region": "Occitanie", "cities": ["Pamiers", "Foix", "Saint-Girons", "Lavelanet", "Saverdun", "Mazères", "Mirepoix", "Tarascon-sur-Ariège", "Varilhes", "La Tour-du-Crieu"]},
    {"code": "10", "name": "Aube", "region": "Grand Est", "cities": ["Troyes", "Romilly-sur-Seine", "Bar-sur-Aube", "La Chapelle-Saint-Luc", "Saint-André-les-Vergers", "Sainte-Savine", "Bar-sur-Seine", "Nogent-sur-Seine", "Pont-Sainte-Marie", "Brienne-le-Château"]},
    {"code": "11", "name": "Aude", "region": "Occitanie", "cities": ["Narbonne", "Carcassonne", "Castelnaudary", "Lézignan-Corbières", "Limoux", "Sigean", "Coursan", "Trèbes", "Port-la-Nouvelle", "Quillan"]},
    {"code": "12", "name": "Aveyron", "region": "Occitanie", "cities": ["Rodez", "Millau", "Villefranche-de-Rouergue", "Onet-le-Château", "Decazeville", "Espalion", "Saint-Affrique", "Luc-la-Primaube", "Capdenac-Gare", "Séverac-d'Aveyron"]},
    {"code": "13", "name": "Bouches-du-Rhône", "region": "PACA", "cities": ["Marseille", "Aix-en-Provence", "Arles", "Martigues", "Aubagne", "Istres", "Salon-de-Provence", "Vitrolles", "Marignane", "La Ciotat"]},
    {"code": "14", "name": "Calvados", "region": "Normandie", "cities": ["Caen", "Lisieux", "Bayeux", "Hérouville-Saint-Clair", "Vire", "Mondeville", "Falaise", "Honfleur", "Ouistreham", "Deauville"]},
    {"code": "15", "name": "Cantal", "region": "Auvergne-Rhône-Alpes", "cities": ["Aurillac", "Saint-Flour", "Mauriac", "Arpajon-sur-Cère", "Ytrac", "Riom-ès-Montagnes", "Maurs", "Murat", "Vic-sur-Cère", "Jussac"]},
    {"code": "16", "name": "Charente", "region": "Nouvelle-Aquitaine", "cities": ["Angoulême", "Cognac", "Soyaux", "La Couronne", "Saint-Yrieix-sur-Charente", "Ruelle-sur-Touvre", "Gond-Pontouvre", "Champniers", "L'Isle-d'Espagnac", "Jarnac"]},
    {"code": "17", "name": "Charente-Maritime", "region": "Nouvelle-Aquitaine", "cities": ["La Rochelle", "Saintes", "Rochefort", "Royan", "Tonnay-Charente", "Aytré", "Périgny", "Lagord", "Saint-Jean-d'Angély", "Surgères"]},
    {"code": "18", "name": "Cher", "region": "Centre-Val de Loire", "cities": ["Bourges", "Vierzon", "Saint-Amand-Montrond", "Mehun-sur-Yèvre", "Saint-Doulchard", "Saint-Florent-sur-Cher", "Aubigny-sur-Nère", "Dun-sur-Auron", "La Guerche-sur-l'Aubois", "Sancoins"]},
    {"code": "19", "name": "Corrèze", "region": "Nouvelle-Aquitaine", "cities": ["Brive-la-Gaillarde", "Tulle", "Ussel", "Malemort", "Égletons", "Allassac", "Objat", "Ussac", "Meyssac", "Argentat"]},
    {"code": "2A", "name": "Corse-du-Sud", "region": "Corse", "cities": ["Ajaccio", "Porto-Vecchio", "Sartène", "Propriano", "Bonifacio", "Grosseto-Prugna", "Cuttoli-Corticchiato", "Peri", "Bastelicaccia", "Sarrola-Carcopino"]},
    {"code": "2B", "name": "Haute-Corse", "region": "Corse", "cities": ["Bastia", "Corte", "Calvi", "Biguglia", "Borgo", "Furiani", "Lucciana", "L'Île-Rousse", "Penta-di-Casinca", "San-Martino-di-Lota"]},
    {"code": "21", "name": "Côte-d'Or", "region": "Bourgogne-Franche-Comté", "cities": ["Dijon", "Beaune", "Chenôve", "Talant", "Quetigny", "Chevigny-Saint-Sauveur", "Longvic", "Auxonne", "Montbard", "Fontaine-lès-Dijon"]},
    {"code": "22", "name": "Côtes-d'Armor", "region": "Bretagne", "cities": ["Saint-Brieuc", "Lannion", "Dinan", "Plérin", "Lamballe", "Loudéac", "Perros-Guirec", "Guingamp", "Paimpol", "Trégueux"]},
    {"code": "23", "name": "Creuse", "region": "Nouvelle-Aquitaine", "cities": ["Guéret", "La Souterraine", "Aubusson", "Sainte-Feyre", "Saint-Vaury", "Bourganeuf", "Felletin", "Ahun", "Évaux-les-Bains", "Dun-le-Palestel"]},
    {"code": "24", "name": "Dordogne", "region": "Nouvelle-Aquitaine", "cities": ["Périgueux", "Bergerac", "Sarlat-la-Canéda", "Coulounieix-Chamiers", "Trélissac", "Boulazac", "Terrasson-Lavilledieu", "Montpon-Ménestérol", "Saint-Astier", "Ribérac"]},
    {"code": "25", "name": "Doubs", "region": "Bourgogne-Franche-Comté", "cities": ["Besançon", "Montbéliard", "Pontarlier", "Audincourt", "Valentigney", "Bethoncourt", "Morteau", "Baume-les-Dames", "Sochaux", "Grand-Charmont"]},
    {"code": "26", "name": "Drôme", "region": "Auvergne-Rhône-Alpes", "cities": ["Valence", "Montélimar", "Romans-sur-Isère", "Bourg-lès-Valence", "Pierrelatte", "Bourg-de-Péage", "Portes-lès-Valence", "Livron-sur-Drôme", "Crest", "Die"]},
    {"code": "27", "name": "Eure", "region": "Normandie", "cities": ["Évreux", "Vernon", "Louviers", "Val-de-Reuil", "Gisors", "Bernay", "Pont-Audemer", "Les Andelys", "Gaillon", "Verneuil-sur-Avre"]},
    {"code": "28", "name": "Eure-et-Loir", "region": "Centre-Val de Loire", "cities": ["Chartres", "Dreux", "Châteaudun", "Lucé", "Mainvilliers", "Nogent-le-Rotrou", "Vernouillet", "Luisant", "Bonneval", "Épernon"]},
    {"code": "29", "name": "Finistère", "region": "Bretagne", "cities": ["Brest", "Quimper", "Morlaix", "Concarneau", "Douarnenez", "Landerneau", "Guipavas", "Plouzané", "Quimperlé", "Plougastel-Daoulas"]},
    {"code": "30", "name": "Gard", "region": "Occitanie", "cities": ["Nîmes", "Alès", "Bagnols-sur-Cèze", "Beaucaire", "Villeneuve-lès-Avignon", "Saint-Gilles", "Vauvert", "Pont-Saint-Esprit", "Uzès", "Le Grau-du-Roi"]},
    {"code": "31", "name": "Haute-Garonne", "region": "Occitanie", "cities": ["Toulouse", "Colomiers", "Blagnac", "Muret", "Tournefeuille", "Cugnaux", "Plaisance-du-Touch", "Balma", "L'Union", "Ramonville-Saint-Agne"]},
    {"code": "32", "name": "Gers", "region": "Occitanie", "cities": ["Auch", "Condom", "Fleurance", "L'Isle-Jourdain", "Mirande", "Lectoure", "Vic-Fezensac", "Nogaro", "Eauze", "Gimont"]},
    {"code": "33", "name": "Gironde", "region": "Nouvelle-Aquitaine", "cities": ["Bordeaux", "Mérignac", "Pessac", "Libourne", "Talence", "Villenave-d'Ornon", "Saint-Médard-en-Jalles", "Bègles", "Gradignan", "Arcachon"]},
    {"code": "34", "name": "Hérault", "region": "Occitanie", "cities": ["Montpellier", "Béziers", "Sète", "Lunel", "Agde", "Frontignan", "Mauguio", "Castelnau-le-Lez", "Lattes", "Pérols"]},
    {"code": "35", "name": "Ille-et-Vilaine", "region": "Bretagne", "cities": ["Rennes", "Saint-Malo", "Fougères", "Vitré", "Cesson-Sévigné", "Bruz", "Dinard", "Betton", "Chantepie", "Saint-Jacques-de-la-Lande"]},
    {"code": "36", "name": "Indre", "region": "Centre-Val de Loire", "cities": ["Châteauroux", "Issoudun", "Le Blanc", "Déols", "Argenton-sur-Creuse", "Le Poinçonnet", "La Châtre", "Buzançais", "Châtillon-sur-Indre", "Levroux"]},
    {"code": "37", "name": "Indre-et-Loire", "region": "Centre-Val de Loire", "cities": ["Tours", "Joué-lès-Tours", "Amboise", "Saint-Cyr-sur-Loire", "Saint-Pierre-des-Corps", "Saint-Avertin", "Chambray-lès-Tours", "Chinon", "Loches", "La Riche"]},
    {"code": "38", "name": "Isère", "region": "Auvergne-Rhône-Alpes", "cities": ["Grenoble", "Vienne", "Bourgoin-Jallieu", "Échirolles", "Saint-Martin-d'Hères", "Voiron", "Fontaine", "Villefontaine", "Meylan", "L'Isle-d'Abeau"]},
    {"code": "39", "name": "Jura", "region": "Bourgogne-Franche-Comté", "cities": ["Lons-le-Saunier", "Dole", "Saint-Claude", "Champagnole", "Morez", "Poligny", "Arbois", "Tavaux", "Moirans-en-Montagne", "Les Rousses"]},
    {"code": "40", "name": "Landes", "region": "Nouvelle-Aquitaine", "cities": ["Mont-de-Marsan", "Dax", "Biscarrosse", "Saint-Paul-lès-Dax", "Tarnos", "Capbreton", "Mimizan", "Soustons", "Saint-Vincent-de-Tyrosse", "Parentis-en-Born"]},
    {"code": "41", "name": "Loir-et-Cher", "region": "Centre-Val de Loire", "cities": ["Blois", "Vendôme", "Romorantin-Lanthenay", "Vineuil", "Mer", "Saint-Gervais-la-Forêt", "Selles-sur-Cher", "La Chaussée-Saint-Victor", "Contres", "Montrichard"]},
    {"code": "42", "name": "Loire", "region": "Auvergne-Rhône-Alpes", "cities": ["Saint-Étienne", "Roanne", "Saint-Chamond", "Firminy", "Montbrison", "Andrézieux-Bouthéon", "Roche-la-Molière", "Rive-de-Gier", "Le Chambon-Feugerolles", "Unieux"]},
    {"code": "43", "name": "Haute-Loire", "region": "Auvergne-Rhône-Alpes", "cities": ["Le Puy-en-Velay", "Monistrol-sur-Loire", "Yssingeaux", "Brioude", "Sainte-Sigolène", "Aurec-sur-Loire", "Langeac", "Espaly-Saint-Marcel", "Vals-près-le-Puy", "Craponne-sur-Arzon"]},
    {"code": "44", "name": "Loire-Atlantique", "region": "Pays de la Loire", "cities": ["Nantes", "Saint-Nazaire", "Rezé", "Saint-Herblain", "Orvault", "Vertou", "Carquefou", "Couëron", "La Baule-Escoublac", "Pornic"]},
    {"code": "45", "name": "Loiret", "region": "Centre-Val de Loire", "cities": ["Orléans", "Montargis", "Fleury-les-Aubrais", "Olivet", "Saint-Jean-de-Braye", "Saint-Jean-de-la-Ruelle", "Saran", "Châlette-sur-Loing", "Gien", "Pithiviers"]},
    {"code": "46", "name": "Lot", "region": "Occitanie", "cities": ["Cahors", "Figeac", "Gourdon", "Souillac", "Pradines", "Gramat", "Luzech", "Saint-Céré", "Bretenoux", "Martel"]},
    {"code": "47", "name": "Lot-et-Garonne", "region": "Nouvelle-Aquitaine", "cities": ["Agen", "Villeneuve-sur-Lot", "Marmande", "Le Passage", "Tonneins", "Nérac", "Bon-Encontre", "Sainte-Livrade-sur-Lot", "Fumel", "Casteljaloux"]},
    {"code": "48", "name": "Lozère", "region": "Occitanie", "cities": ["Mende", "Marvejols", "Saint-Chély-d'Apcher", "Langogne", "Florac", "La Canourgue", "Chanac", "Chirac", "Aumont-Aubrac", "Le Bleymard"]},
    {"code": "49", "name": "Maine-et-Loire", "region": "Pays de la Loire", "cities": ["Angers", "Cholet", "Saumur", "Avrillé", "Trélazé", "Les Ponts-de-Cé", "Saint-Barthélemy-d'Anjou", "Segré", "Beaupréau", "Chemillé"]},
    {"code": "50", "name": "Manche", "region": "Normandie", "cities": ["Cherbourg-en-Cotentin", "Saint-Lô", "Granville", "Coutances", "Avranches", "Équeurdreville-Hainneville", "Tourlaville", "Valognes", "Villedieu-les-Poêles", "Carentan"]},
    {"code": "51", "name": "Marne", "region": "Grand Est", "cities": ["Reims", "Châlons-en-Champagne", "Épernay", "Vitry-le-François", "Tinqueux", "Sainte-Ménehould", "Sézanne", "Fismes", "Bétheny", "Cormontreuil"]},
    {"code": "52", "name": "Haute-Marne", "region": "Grand Est", "cities": ["Chaumont", "Saint-Dizier", "Langres", "Joinville", "Nogent", "Bourbonne-les-Bains", "Wassy", "Eurville-Bienville", "Montier-en-Der", "Fayl-Billot"]},
    {"code": "53", "name": "Mayenne", "region": "Pays de la Loire", "cities": ["Laval", "Mayenne", "Château-Gontier", "Saint-Berthevin", "Évron", "Changé", "Bonchamp-lès-Laval", "L'Huisserie", "Ernée", "Craon"]},
    {"code": "54", "name": "Meurthe-et-Moselle", "region": "Grand Est", "cities": ["Nancy", "Vandœuvre-lès-Nancy", "Lunéville", "Toul", "Villers-lès-Nancy", "Laxou", "Pont-à-Mousson", "Longwy", "Tomblaine", "Jarville-la-Malgrange"]},
    {"code": "55", "name": "Meuse", "region": "Grand Est", "cities": ["Bar-le-Duc", "Verdun", "Commercy", "Ligny-en-Barrois", "Saint-Mihiel", "Étain", "Revigny-sur-Ornain", "Stenay", "Montmédy", "Vigneulles-lès-Hattonchâtel"]},
    {"code": "56", "name": "Morbihan", "region": "Bretagne", "cities": ["Lorient", "Vannes", "Lanester", "Plœmeur", "Hennebont", "Pontivy", "Auray", "Guidel", "Séné", "Ploërmel"]},
    {"code": "57", "name": "Moselle", "region": "Grand Est", "cities": ["Metz", "Thionville", "Forbach", "Sarreguemines", "Montigny-lès-Metz", "Saint-Avold", "Hayange", "Creutzwald", "Yutz", "Woippy"]},
    {"code": "58", "name": "Nièvre", "region": "Bourgogne-Franche-Comté", "cities": ["Nevers", "Cosne-Cours-sur-Loire", "Decize", "Varennes-Vauzelles", "La Charité-sur-Loire", "Fourchambault", "Clamecy", "Imphy", "Château-Chinon", "Marzy"]},
    {"code": "59", "name": "Nord", "region": "Hauts-de-France", "cities": ["Lille", "Roubaix", "Tourcoing", "Dunkerque", "Valenciennes", "Villeneuve-d'Ascq", "Wattrelos", "Douai", "Marcq-en-Barœul", "Cambrai"]},
    {"code": "60", "name": "Oise", "region": "Hauts-de-France", "cities": ["Beauvais", "Compiègne", "Creil", "Nogent-sur-Oise", "Senlis", "Méru", "Montataire", "Clermont", "Noyon", "Chantilly"]},
    {"code": "61", "name": "Orne", "region": "Normandie", "cities": ["Alençon", "Flers", "Argentan", "L'Aigle", "La Ferté-Macé", "Domfront", "Mortagne-au-Perche", "Sées", "Vimoutiers", "Bellême"]},
    {"code": "62", "name": "Pas-de-Calais", "region": "Hauts-de-France", "cities": ["Calais", "Boulogne-sur-Mer", "Arras", "Lens", "Liévin", "Hénin-Beaumont", "Béthune", "Saint-Omer", "Bruay-la-Buissière", "Berck"]},
    {"code": "63", "name": "Puy-de-Dôme", "region": "Auvergne-Rhône-Alpes", "cities": ["Clermont-Ferrand", "Cournon-d'Auvergne", "Riom", "Chamalières", "Thiers", "Issoire", "Beaumont", "Aubière", "Gerzat", "Pont-du-Château"]},
    {"code": "64", "name": "Pyrénées-Atlantiques", "region": "Nouvelle-Aquitaine", "cities": ["Pau", "Bayonne", "Anglet", "Biarritz", "Hendaye", "Saint-Jean-de-Luz", "Lons", "Oloron-Sainte-Marie", "Orthez", "Billère"]},
    {"code": "65", "name": "Hautes-Pyrénées", "region": "Occitanie", "cities": ["Tarbes", "Lourdes", "Bagnères-de-Bigorre", "Aureilhan", "Vic-en-Bigorre", "Lannemezan", "Bordères-sur-l'Échez", "Séméac", "Juillan", "Argelès-Gazost"]},
    {"code": "66", "name": "Pyrénées-Orientales", "region": "Occitanie", "cities": ["Perpignan", "Canet-en-Roussillon", "Saint-Estève", "Argelès-sur-Mer", "Saint-Cyprien", "Elne", "Rivesaltes", "Thuir", "Céret", "Pia"]},
    {"code": "67", "name": "Bas-Rhin", "region": "Grand Est", "cities": ["Strasbourg", "Haguenau", "Schiltigheim", "Illkirch-Graffenstaden", "Lingolsheim", "Sélestat", "Bischheim", "Ostwald", "Saverne", "Bischwiller"]},
    {"code": "68", "name": "Haut-Rhin", "region": "Grand Est", "cities": ["Mulhouse", "Colmar", "Saint-Louis", "Illzach", "Wittenheim", "Kingersheim", "Rixheim", "Riedisheim", "Guebwiller", "Cernay"]},
    {"code": "69", "name": "Rhône", "region": "Auvergne-Rhône-Alpes", "cities": ["Lyon", "Villeurbanne", "Vénissieux", "Vaulx-en-Velin", "Saint-Priest", "Caluire-et-Cuire", "Bron", "Villefranche-sur-Saône", "Rillieux-la-Pape", "Meyzieu"]},
    {"code": "70", "name": "Haute-Saône", "region": "Bourgogne-Franche-Comté", "cities": ["Vesoul", "Héricourt", "Lure", "Luxeuil-les-Bains", "Gray", "Saint-Loup-sur-Semouse", "Fougerolles", "Champagney", "Faucogney-et-la-Mer", "Ronchamp"]},
    {"code": "71", "name": "Saône-et-Loire", "region": "Bourgogne-Franche-Comté", "cities": ["Chalon-sur-Saône", "Mâcon", "Le Creusot", "Montceau-les-Mines", "Autun", "Paray-le-Monial", "Gueugnon", "Digoin", "Louhans", "Tournus"]},
    {"code": "72", "name": "Sarthe", "region": "Pays de la Loire", "cities": ["Le Mans", "La Flèche", "Sablé-sur-Sarthe", "Allonnes", "Coulaines", "La Ferté-Bernard", "Saint-Calais", "Mamers", "Château-du-Loir", "Arnage"]},
    {"code": "73", "name": "Savoie", "region": "Auvergne-Rhône-Alpes", "cities": ["Chambéry", "Aix-les-Bains", "Albertville", "La Motte-Servolex", "Saint-Jean-de-Maurienne", "Cognin", "Bourg-Saint-Maurice", "Moûtiers", "Ugine", "La Ravoire"]},
    {"code": "74", "name": "Haute-Savoie", "region": "Auvergne-Rhône-Alpes", "cities": ["Annecy", "Thonon-les-Bains", "Annemasse", "Cluses", "Sallanches", "Gaillard", "Rumilly", "Bonneville", "Évian-les-Bains", "Saint-Julien-en-Genevois"]},
    {"code": "75", "name": "Paris", "region": "Île-de-France", "cities": ["Paris", "Montmartre", "Belleville", "Le Marais", "Bastille", "Opéra", "Châtelet", "Saint-Germain", "Pigalle", "La Défense"]},
    {"code": "76", "name": "Seine-Maritime", "region": "Normandie", "cities": ["Le Havre", "Rouen", "Dieppe", "Sotteville-lès-Rouen", "Saint-Étienne-du-Rouvray", "Le Grand-Quevilly", "Le Petit-Quevilly", "Mont-Saint-Aignan", "Fécamp", "Elbeuf"]},
    {"code": "77", "name": "Seine-et-Marne", "region": "Île-de-France", "cities": ["Meaux", "Chelles", "Melun", "Pontault-Combault", "Savigny-le-Temple", "Champs-sur-Marne", "Torcy", "Combs-la-Ville", "Roissy-en-Brie", "Bussy-Saint-Georges"]},
    {"code": "78", "name": "Yvelines", "region": "Île-de-France", "cities": ["Versailles", "Sartrouville", "Mantes-la-Jolie", "Saint-Germain-en-Laye", "Poissy", "Conflans-Sainte-Honorine", "Montigny-le-Bretonneux", "Les Mureaux", "Houilles", "Plaisir"]},
    {"code": "79", "name": "Deux-Sèvres", "region": "Nouvelle-Aquitaine", "cities": ["Niort", "Bressuire", "Thouars", "Parthenay", "Mauléon", "Saint-Maixent-l'École", "Melle", "La Crèche", "Chauray", "Cerizay"]},
    {"code": "80", "name": "Somme", "region": "Hauts-de-France", "cities": ["Amiens", "Abbeville", "Albert", "Péronne", "Longueau", "Rivery", "Corbie", "Doullens", "Ham", "Montdidier"]},
    {"code": "81", "name": "Tarn", "region": "Occitanie", "cities": ["Albi", "Castres", "Gaillac", "Mazamet", "Graulhet", "Carmaux", "Lavaur", "Saint-Sulpice", "Rabastens", "Aussillon"]},
    {"code": "82", "name": "Tarn-et-Garonne", "region": "Occitanie", "cities": ["Montauban", "Castelsarrasin", "Moissac", "Caussade", "Valence", "Montech", "Nègrepelisse", "Beaumont-de-Lomagne", "Lafrançaise", "Bressols"]},
    {"code": "83", "name": "Var", "region": "PACA", "cities": ["Toulon", "Fréjus", "Draguignan", "Hyères", "La Seyne-sur-Mer", "Six-Fours-les-Plages", "Saint-Raphaël", "La Garde", "Sanary-sur-Mer", "Brignoles"]},
    {"code": "84", "name": "Vaucluse", "region": "PACA", "cities": ["Avignon", "Orange", "Carpentras", "Cavaillon", "L'Isle-sur-la-Sorgue", "Pertuis", "Sorgues", "Le Pontet", "Bollène", "Apt"]},
    {"code": "85", "name": "Vendée", "region": "Pays de la Loire", "cities": ["La Roche-sur-Yon", "Les Sables-d'Olonne", "Challans", "Saint-Gilles-Croix-de-Vie", "Fontenay-le-Comte", "Les Herbiers", "Luçon", "Montaigu", "Saint-Jean-de-Monts", "L'Aiguillon-sur-Mer"]},
    {"code": "86", "name": "Vienne", "region": "Nouvelle-Aquitaine", "cities": ["Poitiers", "Châtellerault", "Buxerolles", "Chasseneuil-du-Poitou", "Saint-Benoît", "Loudun", "Montmorillon", "Jaunay-Marigny", "Migné-Auxances", "Naintré"]},
    {"code": "87", "name": "Haute-Vienne", "region": "Nouvelle-Aquitaine", "cities": ["Limoges", "Saint-Junien", "Panazol", "Couzeix", "Isle", "Feytiat", "Aixe-sur-Vienne", "Saint-Yrieix-la-Perche", "Ambazac", "Le Palais-sur-Vienne"]},
    {"code": "88", "name": "Vosges", "region": "Grand Est", "cities": ["Épinal", "Saint-Dié-des-Vosges", "Gérardmer", "Remiremont", "Golbey", "Thaon-les-Vosges", "Neufchâteau", "Mirecourt", "Vittel", "Contrexéville"]},
    {"code": "89", "name": "Yonne", "region": "Bourgogne-Franche-Comté", "cities": ["Auxerre", "Sens", "Joigny", "Migennes", "Avallon", "Tonnerre", "Villeneuve-sur-Yonne", "Saint-Florentin", "Toucy", "Chablis"]},
    {"code": "90", "name": "Territoire de Belfort", "region": "Bourgogne-Franche-Comté", "cities": ["Belfort", "Delle", "Valdoie", "Beaucourt", "Bavilliers", "Danjoutin", "Offemont", "Essert", "Grandvillars", "Giromagny"]},
    {"code": "91", "name": "Essonne", "region": "Île-de-France", "cities": ["Évry-Courcouronnes", "Corbeil-Essonnes", "Massy", "Savigny-sur-Orge", "Sainte-Geneviève-des-Bois", "Viry-Châtillon", "Athis-Mons", "Palaiseau", "Yerres", "Draveil"]},
    {"code": "92", "name": "Hauts-de-Seine", "region": "Île-de-France", "cities": ["Boulogne-Billancourt", "Nanterre", "Colombes", "Asnières-sur-Seine", "Courbevoie", "Rueil-Malmaison", "Issy-les-Moulineaux", "Levallois-Perret", "Antony", "Neuilly-sur-Seine"]},
    {"code": "93", "name": "Seine-Saint-Denis", "region": "Île-de-France", "cities": ["Saint-Denis", "Montreuil", "Aubervilliers", "Aulnay-sous-Bois", "Bobigny", "Drancy", "Noisy-le-Grand", "Pantin", "Bondy", "Épinay-sur-Seine"]},
    {"code": "94", "name": "Val-de-Marne", "region": "Île-de-France", "cities": ["Créteil", "Vitry-sur-Seine", "Champigny-sur-Marne", "Ivry-sur-Seine", "Saint-Maur-des-Fossés", "Villejuif", "Vincennes", "Maisons-Alfort", "Fontenay-sous-Bois", "Alfortville"]},
    {"code": "95", "name": "Val-d'Oise", "region": "Île-de-France", "cities": ["Argenteuil", "Sarcelles", "Cergy", "Garges-lès-Gonesse", "Franconville", "Goussainville", "Pontoise", "Bezons", "Ermont", "Villiers-le-Bel"]},
    {"code": "971", "name": "Guadeloupe", "region": "DOM", "cities": ["Pointe-à-Pitre", "Les Abymes", "Baie-Mahault", "Le Gosier", "Petit-Bourg", "Sainte-Anne", "Le Moule", "Sainte-Rose", "Capesterre-Belle-Eau", "Saint-François"]},
    {"code": "972", "name": "Martinique", "region": "DOM", "cities": ["Fort-de-France", "Le Lamentin", "Le Robert", "Schoelcher", "Sainte-Marie", "Le François", "Ducos", "Saint-Joseph", "La Trinité", "Rivière-Pilote"]},
    {"code": "973", "name": "Guyane", "region": "DOM", "cities": ["Cayenne", "Saint-Laurent-du-Maroni", "Kourou", "Matoury", "Rémire-Montjoly", "Macouria", "Mana", "Maripasoula", "Apatou", "Grand-Santi"]},
    {"code": "974", "name": "La Réunion", "region": "DOM", "cities": ["Saint-Denis", "Saint-Paul", "Saint-Pierre", "Le Tampon", "Saint-André", "Saint-Louis", "Le Port", "Saint-Benoît", "Saint-Joseph", "Sainte-Marie"]},
    {"code": "976", "name": "Mayotte", "region": "DOM", "cities": ["Mamoudzou", "Koungou", "Dzaoudzi", "Dembeni", "Bandraboua", "Tsingoni", "Ouangani", "Chirongui", "Sada", "Bandrele"]}
  ]
}
